kappa_p,alpha_p,excess,f(p),Q(f(p)),identity_p
2,3,3,1,[],$\left[2\right]^{2}=3$
w,2,0,2,[2],$\left[\omega\right]^{3}=2$
w**w,4,0,4,[4],$\left[\omega^{\omega}\right]^{5}=4$
w**w**2,w + 1,1,3,[3],$\left[\omega^{\omega^{2}}\right]^{7}=\omega+1$
w**w**3,w**w + 1,1,10,[5],$\left[\omega^{\omega^{3}}\right]^{11}=\omega^{\omega}+1$
w**w**4,w + 4,0,12,"[3, 4]",$\left[\omega^{\omega^{4}}\right]^{13}=\omega+4$
w**w**5,16,0,8,[8],$\left[\omega^{\omega^{5}}\right]^{17}=16$
w**w**6,w**3 + 4,4,18,[9],$\left[\omega^{\omega^{6}}\right]^{19}=\omega^{3}+4$
w**w**7,w**w**3 + 1,1,11,[11],$\left[\omega^{\omega^{7}}\right]^{23}=\omega^{\omega^{3}}+1$
w**w**8,w**w**2 + 4,0,28,"[7, 4]",$\left[\omega^{\omega^{8}}\right]^{29}=\omega^{\omega^{2}}+4$
w**w**9,w**w + 1,1,5,[5],$\left[\omega^{\omega^{9}}\right]^{31}=\omega^{\omega}+1$
w**w**10,w**3 + 4,0,36,"[9, 4]",$\left[\omega^{\omega^{10}}\right]^{37}=\omega^{3}+4$
w**w**11,w**w + 1,1,20,[5],$\left[\omega^{\omega^{11}}\right]^{41}=\omega^{\omega}+1$
w**w**12,w**w**2 + 1,1,14,[7],$\left[\omega^{\omega^{12}}\right]^{43}=\omega^{\omega^{2}}+1$
w**w**13,w**w**7 + 1,1,23,[23],$\left[\omega^{\omega^{13}}\right]^{47}=\omega^{\omega^{7}}+1$
w**w**14,w**w**4 + 1,1,52,[13],$\left[\omega^{\omega^{14}}\right]^{53}=\omega^{\omega^{4}}+1$
w**w**15,w**w**8 + 1,1,58,[29],$\left[\omega^{\omega^{15}}\right]^{59}=\omega^{\omega^{8}}+1$
w**w**16,w**w + w,0,60,"[5, 3]",$\left[\omega^{\omega^{16}}\right]^{61}=\omega^{\omega}+\omega$
w**w**17,w**w**3 + w,0,66,"[11, 3]",$\left[\omega^{\omega^{17}}\right]^{67}=\omega^{\omega^{3}}+\omega$
w**w**18,w**w**2 + w**w,0,35,"[7, 5]",$\left[\omega^{\omega^{18}}\right]^{71}=\omega^{\omega^{2}}+\omega^{\omega}$
w**w**19,w**3 + 1,1,9,[9],$\left[\omega^{\omega^{19}}\right]^{73}=\omega^{3}+1$
w**w**20,w**w**4 + 1,1,39,[13],$\left[\omega^{\omega^{20}}\right]^{79}=\omega^{\omega^{4}}+1$
w**w**21,w**w**11 + 1,1,82,[41],$\left[\omega^{\omega^{21}}\right]^{83}=\omega^{\omega^{11}}+1$
w**w**22,w**w**3 + 1,1,11,[11],$\left[\omega^{\omega^{22}}\right]^{89}=\omega^{\omega^{3}}+1$
w**w**23,w + 256,0,48,"[3, 16]",$\left[\omega^{\omega^{23}}\right]^{97}=\omega+256$
w**w**24,w**(w*5) + 1,1,100,[25],$\left[\omega^{\omega^{24}}\right]^{101}=\omega^{\omega\cdot5}+1$
w**w**25,w**w**5 + w,0,51,"[17, 3]",$\left[\omega^{\omega^{25}}\right]^{103}=\omega^{\omega^{5}}+\omega$
w**w**26,w**w**14 + 1,1,106,[53],$\left[\omega^{\omega^{26}}\right]^{107}=\omega^{\omega^{14}}+1$
w**w**27,w**3 + 4,0,36,"[9, 4]",$\left[\omega^{\omega^{27}}\right]^{109}=\omega^{3}+4$
w**w**28,w**w**2 + 4,0,28,"[7, 4]",$\left[\omega^{\omega^{28}}\right]^{113}=\omega^{\omega^{2}}+4$
w**w**29,w**w**2 + 1,1,7,[7],$\left[\omega^{\omega^{29}}\right]^{127}=\omega^{\omega^{2}}+1$
w**w**30,w**w**4 + w**w,0,130,"[13, 5]",$\left[\omega^{\omega^{30}}\right]^{131}=\omega^{\omega^{4}}+\omega^{\omega}$
w**w**31,w**w**5 + 1,1,68,[17],$\left[\omega^{\omega^{31}}\right]^{137}=\omega^{\omega^{5}}+1$
w**w**32,w**w**7 + w,0,138,"[23, 3]",$\left[\omega^{\omega^{32}}\right]^{139}=\omega^{\omega^{7}}+\omega$
w**w**33,w**w**10 + 1,1,148,[37],$\left[\omega^{\omega^{33}}\right]^{149}=\omega^{\omega^{10}}+1$
w**w**34,w**w + w,0,15,"[5, 3]",$\left[\omega^{\omega^{34}}\right]^{151}=\omega^{\omega}+\omega$
w**w**35,w**w**4 + 1,1,52,[13],$\left[\omega^{\omega^{35}}\right]^{157}=\omega^{\omega^{4}}+1$
w**w**36,w**27 + 4,4,162,[81],$\left[\omega^{\omega^{36}}\right]^{163}=\omega^{27}+4$
w**w**37,w**w**21 + 1,1,83,[83],$\left[\omega^{\omega^{37}}\right]^{167}=\omega^{\omega^{21}}+1$
w**w**38,w**w**12 + 4,0,172,"[43, 4]",$\left[\omega^{\omega^{38}}\right]^{173}=\omega^{\omega^{12}}+4$
w**w**39,w**w**22 + 1,1,178,[89],$\left[\omega^{\omega^{39}}\right]^{179}=\omega^{\omega^{22}}+1$
w**w**40,w**w + w**3,0,180,"[5, 9]",$\left[\omega^{\omega^{40}}\right]^{181}=\omega^{\omega}+\omega^{3}$
w**w**41,w**w**6 + w**w,0,95,"[19, 5]",$\left[\omega^{\omega^{41}}\right]^{191}=\omega^{\omega^{6}}+\omega^{\omega}$
w**w**42,w + 65536,0,96,"[3, 32]",$\left[\omega^{\omega^{42}}\right]^{193}=\omega+65536$
w**w**43,w**(w**2*7) + 4,0,196,"[49, 4]",$\left[\omega^{\omega^{43}}\right]^{197}=\omega^{\omega^{2}\cdot7}+4$
w**w**44,w**w**3 + w**3,0,99,"[11, 9]",$\left[\omega^{\omega^{44}}\right]^{199}=\omega^{\omega^{3}}+\omega^{3}$
w**w**45,w**w**2 + w**w,0,210,"[7, 5]",$\left[\omega^{\omega^{45}}\right]^{211}=\omega^{\omega^{2}}+\omega^{\omega}$
w**w**46,w**w**10 + 1,1,37,[37],$\left[\omega^{\omega^{46}}\right]^{223}=\omega^{\omega^{10}}+1$
w**w**47,w**w**28 + 1,1,226,[113],$\left[\omega^{\omega^{47}}\right]^{227}=\omega^{\omega^{28}}+1$
w**w**48,w**w**6 + 1,1,76,[19],$\left[\omega^{\omega^{48}}\right]^{229}=\omega^{\omega^{6}}+1$
w**w**49,w**w**8 + 1,1,29,[29],$\left[\omega^{\omega^{49}}\right]^{233}=\omega^{\omega^{8}}+1$
w**w**50,w**w**5 + w**w**2,0,119,"[17, 7]",$\left[\omega^{\omega^{50}}\right]^{239}=\omega^{\omega^{5}}+\omega^{\omega^{2}}$
w**w**51,w + 16,0,24,"[3, 8]",$\left[\omega^{\omega^{51}}\right]^{241}=\omega+16$
w**w**52,w**(w*5) + 1,1,50,[25],$\left[\omega^{\omega^{52}}\right]^{251}=\omega^{\omega\cdot5}+1$
w**w**53,256,0,16,[16],$\left[\omega^{\omega^{53}}\right]^{257}=256$
w**w**54,w**w**30 + 1,1,131,[131],$\left[\omega^{\omega^{54}}\right]^{263}=\omega^{\omega^{30}}+1$
w**w**55,w**w**17 + 1,1,268,[67],$\left[\omega^{\omega^{55}}\right]^{269}=\omega^{\omega^{17}}+1$
w**w**56,w**w + w**9,0,135,"[5, 27]",$\left[\omega^{\omega^{56}}\right]^{271}=\omega^{\omega}+\omega^{9}$
w**w**57,w**w**7 + 1,1,92,[23],$\left[\omega^{\omega^{57}}\right]^{277}=\omega^{\omega^{7}}+1$
w**w**58,w**w**2 + w**w,0,70,"[7, 5]",$\left[\omega^{\omega^{58}}\right]^{281}=\omega^{\omega^{2}}+\omega^{\omega}$
w**w**59,w**w**13 + 1,1,94,[47],$\left[\omega^{\omega^{59}}\right]^{283}=\omega^{\omega^{13}}+1$
w**w**60,w**w**19 + 4,0,292,"[73, 4]",$\left[\omega^{\omega^{60}}\right]^{293}=\omega^{\omega^{19}}+4$
w**w**61,w**w**5 + w,0,102,"[17, 3]",$\left[\omega^{\omega^{61}}\right]^{307}=\omega^{\omega^{5}}+\omega$
w**w**62,w**w**9 + 1,1,155,[31],$\left[\omega^{\omega^{62}}\right]^{311}=\omega^{\omega^{9}}+1$
w**w**63,w**w**4 + 1,1,156,[13],$\left[\omega^{\omega^{63}}\right]^{313}=\omega^{\omega^{4}}+1$
w**w**64,w**w**20 + 1,1,316,[79],$\left[\omega^{\omega^{64}}\right]^{317}=\omega^{\omega^{20}}+1$
w**w**65,w**w + w,0,30,"[5, 3]",$\left[\omega^{\omega^{65}}\right]^{331}=\omega^{\omega}+\omega$
w**w**66,w**w**2 + 1,1,21,[7],$\left[\omega^{\omega^{66}}\right]^{337}=\omega^{\omega^{2}}+1$
w**w**67,w**w**38 + 1,1,346,[173],$\left[\omega^{\omega^{67}}\right]^{347}=\omega^{\omega^{38}}+1$
w**w**68,w**w**8 + 1,1,348,[29],$\left[\omega^{\omega^{68}}\right]^{349}=\omega^{\omega^{8}}+1$
w**w**69,w**w**3 + 16,0,88,"[11, 8]",$\left[\omega^{\omega^{69}}\right]^{353}=\omega^{\omega^{3}}+16$
w**w**70,w**w**39 + 1,1,179,[179],$\left[\omega^{\omega^{70}}\right]^{359}=\omega^{\omega^{39}}+1$
w**w**71,w**w**16 + 1,1,183,[61],$\left[\omega^{\omega^{71}}\right]^{367}=\omega^{\omega^{16}}+1$
w**w**72,w**w**9 + w,0,372,"[31, 3]",$\left[\omega^{\omega^{72}}\right]^{373}=\omega^{\omega^{9}}+\omega$
w**w**73,w**w**2 + w**9,0,378,"[7, 27]",$\left[\omega^{\omega^{73}}\right]^{379}=\omega^{\omega^{2}}+\omega^{9}$
w**w**74,w**w**41 + 1,1,191,[191],$\left[\omega^{\omega^{74}}\right]^{383}=\omega^{\omega^{41}}+1$
w**w**75,w**w**23 + 1,1,388,[97],$\left[\omega^{\omega^{75}}\right]^{389}=\omega^{\omega^{23}}+1$
w**w**76,w**w**3 + 1,1,44,[11],$\left[\omega^{\omega^{76}}\right]^{397}=\omega^{\omega^{3}}+1$
w**w**77,w**(w*5) + 16,0,200,"[25, 8]",$\left[\omega^{\omega^{77}}\right]^{401}=\omega^{\omega\cdot5}+16$
w**w**78,w**w**5 + w,0,204,"[17, 3]",$\left[\omega^{\omega^{78}}\right]^{409}=\omega^{\omega^{5}}+\omega$
w**w**79,w**w**6 + w**w**3,0,418,"[19, 11]",$\left[\omega^{\omega^{79}}\right]^{419}=\omega^{\omega^{6}}+\omega^{\omega^{3}}$
w**w**80,w**w**2 + w**w,0,420,"[7, 5]",$\left[\omega^{\omega^{80}}\right]^{421}=\omega^{\omega^{2}}+\omega^{\omega}$
w**w**81,w**w**12 + 1,1,43,[43],$\left[\omega^{\omega^{81}}\right]^{431}=\omega^{\omega^{12}}+1$
w**w**82,w**3 + 16,0,72,"[9, 8]",$\left[\omega^{\omega^{82}}\right]^{433}=\omega^{3}+16$
w**w**83,w**w**19 + 1,1,73,[73],$\left[\omega^{\omega^{83}}\right]^{439}=\omega^{\omega^{19}}+1$
w**w**84,w**w**5 + w**w**4,0,442,"[17, 13]",$\left[\omega^{\omega^{84}}\right]^{443}=\omega^{\omega^{5}}+\omega^{\omega^{4}}$
w**w**85,w**w**2 + 65536,0,224,"[7, 32]",$\left[\omega^{\omega^{85}}\right]^{449}=\omega^{\omega^{2}}+65536$
w**w**86,w**w**6 + 1,1,76,[19],$\left[\omega^{\omega^{86}}\right]^{457}=\omega^{\omega^{6}}+1$
w**w**87,w**w**7 + 1,1,460,[23],$\left[\omega^{\omega^{87}}\right]^{461}=\omega^{\omega^{7}}+1$
w**w**88,w**w**3 + w**w**2,0,231,"[11, 7]",$\left[\omega^{\omega^{88}}\right]^{463}=\omega^{\omega^{3}}+\omega^{\omega^{2}}$
w**w**89,w**w**49 + 1,1,466,[233],$\left[\omega^{\omega^{89}}\right]^{467}=\omega^{\omega^{49}}+1$
w**w**90,w**w**50 + 1,1,239,[239],$\left[\omega^{\omega^{90}}\right]^{479}=\omega^{\omega^{50}}+1$
w**w**91,w**81 + 1,1,243,[243],$\left[\omega^{\omega^{91}}\right]^{487}=\omega^{81}+1$
w**w**92,w**(w**2*7) + w**w,0,490,"[49, 5]",$\left[\omega^{\omega^{92}}\right]^{491}=\omega^{\omega^{2}\cdot7}+\omega^{\omega}$
w**w**93,w**w**21 + 1,1,166,[83],$\left[\omega^{\omega^{93}}\right]^{499}=\omega^{\omega^{21}}+1$
w**w**94,w**w**52 + 1,1,251,[251],$\left[\omega^{\omega^{94}}\right]^{503}=\omega^{\omega^{52}}+1$
w**w**95,w**w**29 + 4,0,508,"[127, 4]",$\left[\omega^{\omega^{95}}\right]^{509}=\omega^{\omega^{29}}+4$
w**w**96,w**w**4 + w**w,0,260,"[13, 5]",$\left[\omega^{\omega^{96}}\right]^{521}=\omega^{\omega^{4}}+\omega^{\omega}$
w**w**97,w**w**8 + w**3,0,522,"[29, 9]",$\left[\omega^{\omega^{97}}\right]^{523}=\omega^{\omega^{8}}+\omega^{3}$
w**w**98,w**w + w**9,0,540,"[5, 27]",$\left[\omega^{\omega^{98}}\right]^{541}=\omega^{\omega}+\omega^{9}$
w**w**99,w**w**4 + w**w**2,0,546,"[13, 7]",$\left[\omega^{\omega^{99}}\right]^{547}=\omega^{\omega^{4}}+\omega^{\omega^{2}}$
w**w**100,w**w**32 + 1,1,556,[139],$\left[\omega^{\omega^{100}}\right]^{557}=\omega^{\omega^{32}}+1$
w**w**101,w**w**58 + 1,1,562,[281],$\left[\omega^{\omega^{101}}\right]^{563}=\omega^{\omega^{58}}+1$
w**w**102,w**w**18 + 1,1,284,[71],$\left[\omega^{\omega^{102}}\right]^{569}=\omega^{\omega^{18}}+1$
w**w**103,w**w**6 + 1,1,114,[19],$\left[\omega^{\omega^{103}}\right]^{571}=\omega^{\omega^{6}}+1$
w**w**104,w**3 + 256,0,144,"[9, 16]",$\left[\omega^{\omega^{104}}\right]^{577}=\omega^{3}+256$
